{
    "rmse": 0.6602208056602763,
    "mae": 0.6602208056602763,
    "r2": 0.008605834939635737
}